,close,med,far,superfar,cluster,0,0.2,0.5,1.25,0.2+0.5,0.5+1.25,control,all,food,mixed,close 0.2,med 0.2,far 0.2,superfar 0.2,cluster 0.2,close 0.5,med 0.5,far 0.5,superfar 0.5,cluster 0.5,close 1.25,med 1.25,far 1.25,superfar 1.25,med 0.2+0.5,med 0.5+1.25,close 0,med 0,far 0,superfar 0,cluster 0
0,0.4823529411764706,0.2549019607843137,0.0,0.25098039215686274,0.13333333333333333,1.0,0.8705882352941177,0.7215686274509804,0.6470588235294118,0.8235294117647058,1.0,0.5019607843137255,0.0,0.6470588235294118,0.8549019607843137,0.792156862745098,0.6980392156862745,0.6,0.6980392156862745,0.5725490196078431,0.4823529411764706,0.25098039215686274,0.0,0.25098039215686274,0.12941176470588237,0.2980392156862745,0.11372549019607843,0.0,0.11372549019607843,0.4745098039215686,0.11372549019607843,0.8941176470588236,0.8509803921568627,0.8,0.8470588235294118,0.7843137254901961
1,0.40784313725490196,0.4117647058823529,0.7490196078431373,0.8784313725490196,0.5450980392156862,0.8941176470588236,0.7215686274509804,0.5254901960784314,0.16470588235294117,0.4117647058823529,0.6470588235294118,0.5019607843137255,0.5019607843137255,0.16470588235294117,0.6470588235294118,0.7607843137254902,0.7607843137254902,0.8980392156862745,0.9490196078431372,0.8941176470588236,0.40784313725490196,0.40784313725490196,0.7490196078431373,0.8784313725490196,0.5411764705882353,0.2,0.2627450980392157,0.48627450980392156,0.7058823529411765,0.5843137254901961,0.2627450980392157,0.8784313725490196,0.8823529411764706,0.9490196078431372,0.9725490196078431,0.9450980392156862
2,0.9333333333333333,0.8823529411764706,1.0,0.8156862745098039,0.13333333333333333,0.7686274509803922,0.5294117647058824,0.043137254901960784,0.16470588235294117,0.11764705882352941,0.0,0.5019607843137255,0.5019607843137255,0.16470588235294117,0.12549019607843137,0.9725490196078431,0.9529411764705882,1.0,0.9254901960784314,0.5725490196078431,0.9294117647058824,0.8823529411764706,1.0,0.8156862745098039,0.12941176470588237,0.9098039215686274,0.7176470588235294,0.6470588235294118,0.6470588235294118,0.9176470588235294,0.7176470588235294,0.984313725490196,0.9764705882352941,0.996078431372549,0.9607843137254902,0.7843137254901961
