,close,med,far,superfar,cluster,0,0.2,0.5,1.25,0.2+0.5,0.5+1.25,control,all,food,mixed,close 0.2,med 0.2,far 0.2,superfar 0.2,cluster 0.2,close 0.5,med 0.5,far 0.5,superfar 0.5,cluster 0.5,close 1.25,med 1.25,far 1.25,superfar 1.25,med 0.2+0.5,med 0.5+1.25,close 0,med 0,far 0,superfar 0,cluster 0
0,0.4823529411764706,0.2549019607843137,0.0,0.25098039215686274,0.13333333333333333,1.0,0.8705882352941177,0.7215686274509804,0.6470588235294118,0.8235294117647058,1.0,0.5019607843137255,0.0,0.6470588235294118,0.8549019607843137,0.7607843137254902,0.6549019607843137,0.5372549019607843,0.6549019607843137,0.5098039215686274,0.403921568627451,0.1411764705882353,0.0,0.13725490196078433,0.09411764705882353,0.24705882352941178,0.10196078431372549,0.0,0.10196078431372549,0.4,0.10196078431372549,0.8784313725490196,0.8274509803921568,0.7686274509803922,0.8274509803921568,0.7529411764705882
1,0.40784313725490196,0.4117647058823529,0.7490196078431373,0.8784313725490196,0.5450980392156862,0.8705882352941177,0.7215686274509804,0.5254901960784314,0.16470588235294117,0.4117647058823529,0.6470588235294118,0.5019607843137255,0.5019607843137255,0.16470588235294117,0.6470588235294118,0.7254901960784313,0.7254901960784313,0.8823529411764706,0.9411764705882353,0.8784313725490196,0.3176470588235294,0.3215686274509804,0.6352941176470588,0.8588235294117647,0.3843137254901961,0.1411764705882353,0.23529411764705882,0.4117647058823529,0.6313725490196078,0.5254901960784314,0.23529411764705882,0.8627450980392157,0.8627450980392157,0.9411764705882353,0.9686274509803922,0.9372549019607843
2,0.9333333333333333,0.8823529411764706,1.0,0.8156862745098039,0.13333333333333333,0.6784313725490196,0.5294117647058824,0.043137254901960784,0.16470588235294117,0.11764705882352941,0.0,0.5019607843137255,0.5019607843137255,0.16470588235294117,0.12549019607843137,0.9686274509803922,0.9450980392156862,1.0,0.9137254901960784,0.5098039215686274,0.9215686274509803,0.8627450980392157,0.8470588235294118,0.7843137254901961,0.09411764705882353,0.9019607843137255,0.6431372549019608,0.5490196078431373,0.5803921568627451,0.9019607843137255,0.6431372549019608,0.984313725490196,0.9725490196078431,1.0,0.9568627450980393,0.7529411764705882
